Cre07.g312600.t2.1	Cre07.g312600.t2.1; Cre17.g740926.t1.1	287; 226	Pfam	; 	; 	; 	; 
Cre07.g312701.t1.1	Cre07.g312701.t1.1; Cre16.g660550.t1.2	1466; 1452	Pfam	PF00078; PF00078	Reverse transcriptase (RNA-dependent DNA polymerase); Reverse transcriptase (RNA-dependent DNA polymerase)	IPR000477; IPR000477	Reverse transcriptase domain; Reverse transcriptase domain
Cre07.g312817.t1.1	Cre07.g312817.t1.1; Cre07.g312833.t1.1; Cre16.g689766.t1.1; Cre10.g417741.t1.1; Cre09.g386125.t1.1; Cre12.g559554.t1.1; Cre12.g499152.t1.1; Cre13.g582100.t1.2; Cre10.g417576.t1.1; Cre01.g071297.t1.1; Cre01.g058156.t1.1; Cre11.g467697.t1.1; Cre03.g146847.t1.1; Cre10.g465822.t1.2; Cre01.g051482.t1.1; Cre13.g573850.t1.1; Cre17.g692676.t1.1; Cre11.g483301.t1.1; Cre12.g536776.t1.1; Cre03.g176440.t1.2; Cre02.g119484.t1.2; Cre03.g159083.t1.2; Cre17.g734580.t2.1; Cre17.g742116.t1.1; Cre08.g370083.t1.1; Cre13.g576740.t1.1; Cre09.g405105.t1.1; Cre06.g302500.t1.2; Cre03.g199199.t1.1; Cre10.g465101.t1.1; Cre06.g301400.t1.1; Cre13.g582692.t1.1; Cre16.g666302.t1.2; Cre13.g563876.t1.1; Cre12.g548702.t1.1; Cre02.g099452.t1.1; Cre06.g288900.t1.1; Cre03.g155976.t1.1; Cre16.g675525.t1.1; Cre17.g711526.t1.1	114; 110; 98; 87; 86; 104; 116; 116; 73; 153; 80; 148; 67; 168; 63; 85; 87; 57; 59; 80; 101; 96; 101; 91; 130; 215; 94; 119; 187; 89; 89; 87; 176; 58; 61; 70; 70; 69; 121; 198	Pfam	; ; ; ; ; ; ; ; ; ; ; ; ; PF07282; ; ; ; ; ; ; ; ; ; ; ; PF07282; ; ; PF07282; ; ; ; ; ; ; ; ; ; ; 	; ; ; ; ; ; ; ; ; ; ; ; ; Putative transposase DNA-binding domain; ; ; ; ; ; ; ; ; ; ; ; Putative transposase DNA-binding domain; ; ; Putative transposase DNA-binding domain; ; ; ; ; ; ; ; ; ; ; 	; ; ; ; ; ; ; ; ; ; ; ; ; IPR010095; ; ; ; ; ; ; ; ; ; ; ; IPR010095; ; ; IPR010095; ; ; ; ; ; ; ; ; ; ; 	; ; ; ; ; ; ; ; ; ; ; ; ; Transposase IS605, OrfB, C-terminal; ; ; ; ; ; ; ; ; ; ; ; Transposase IS605, OrfB, C-terminal; ; ; Transposase IS605, OrfB, C-terminal; ; ; ; ; ; ; ; ; ; ; 
Cre07.g314200.t1.1	Cre07.g314200.t1.1; Cre01.g013900.t1.1	766; 797	Pfam	; 	; 	; 	; 
Cre07.g314751.t1.1	Cre07.g314751.t1.1; Cre12.g495955.t1.1	888; 901	Pfam	; PF00078	; Reverse transcriptase (RNA-dependent DNA polymerase)	; IPR000477	; Reverse transcriptase domain
Cre07.g315250.t1.2	Cre07.g315250.t1.2; Cre07.g315450.t1.1; Cre07.g315432.t1.2; Cre07.g316350.t1.2; Cre07.g315300.t1.2	370; 366; 377; 386; 369	Pfam	; ; ; ; 	; ; ; ; 	; ; ; ; 	; ; ; ; 
Cre07.g316150.t1.1	Cre07.g316150.t1.1; Cre14.g627411.t1.1; Cre09.g401589.t1.1; Cre09.g401626.t1.1	1243; 1236; 1261; 1248	Pfam	PF01753; ; PF01753; 	MYND finger; ; MYND finger; 	IPR002893; ; IPR002893; 	Zinc finger, MYND-type; ; Zinc finger, MYND-type; 
Cre07.g316200.t1.1	Cre07.g316200.t1.1; Cre02.g119500.t1.1	591; 576	Pfam	; 	; 	; 	; 
Cre07.g317350.t1.2	Cre07.g317350.t1.2; Cre07.g317450.t1.1; Cre07.g317601.t1.1	214; 229; 160	Pfam	; ; 	; ; 	; ; 	; ; 
Cre07.g318800.t1.2	Cre07.g318800.t1.2; Cre07.g318850.t2.1	158; 117	Pfam	PF00011; PF00011	Hsp20/alpha crystallin family; Hsp20/alpha crystallin family	IPR002068; IPR002068	Alpha crystallin/Hsp20 domain; Alpha crystallin/Hsp20 domain
Cre07.g319050.t1.2	Cre07.g319050.t1.2; Cre03.g153650.t1.2	101; 97	Pfam	; 	; 	; 	; 
Cre07.g319320.t1.1	Cre07.g319320.t1.1; Cre07.g319400.t1.2	427; 411	Pfam	PF00291; PF00291	Pyridoxal-phosphate dependent enzyme; Pyridoxal-phosphate dependent enzyme	IPR001926; IPR001926	Pyridoxal-phosphate dependent enzyme; Pyridoxal-phosphate dependent enzyme
Cre07.g319701.t1.2	Cre07.g319701.t1.2; Cre08.g358532.t1.1; Cre10.g435450.t1.2	443; 470; 437	Pfam	PF00320; PF00320, PF01426; PF00320	GATA zinc finger; GATA zinc finger, BAH domain; GATA zinc finger	IPR000679; IPR000679, IPR001025; IPR000679	Zinc finger, GATA-type; Zinc finger, GATA-type, Bromo adjacent homology (BAH) domain; Zinc finger, GATA-type
Cre07.g320400.t1.2	Cre07.g320450.t1.2; Cre07.g320400.t1.2	191; 191	Pfam	PF00504; PF00504	Chlorophyll A-B binding protein; Chlorophyll A-B binding protein	IPR022796; IPR022796	Chlorophyll A-B binding protein; Chlorophyll A-B binding protein
Cre07.g320700.t1.1	Cre07.g320700.t1.1; Cre07.g321150.t1.1	817; 786	Pfam	PF00211, PF07701, PF07700; PF07700, PF07701, PF00211	Adenylate and Guanylate cyclase catalytic domain, Heme NO binding associated, Haem-NO-binding; Haem-NO-binding, Heme NO binding associated, Adenylate and Guanylate cyclase catalytic domain	IPR001054, IPR011645, IPR011644; IPR011644, IPR011645, IPR001054	Adenylyl cyclase class-3/4/guanylyl cyclase, Haem NO binding associated, Heme NO-binding; Heme NO-binding, Haem NO binding associated, Adenylyl cyclase class-3/4/guanylyl cyclase
Cre07.g321951.t1.1	Cre07.g321951.t1.1; Cre17.g707700.t1.2	497; 514	Pfam	PF01566; PF01566	Natural resistance-associated macrophage protein; Natural resistance-associated macrophage protein	IPR001046; IPR001046	NRAMP family; NRAMP family
Cre07.g322600.t1.1	Cre07.g322600.t1.1; Cre07.g322850.t1.1	1686; 1642	Pfam	; 	; 	; 	; 
Cre07.g322650.t1.2	Cre07.g322650.t1.2; Cre07.g322800.t1.2; Cre07.g322700.t1.2	334; 333; 331	Pfam	; ; 	; ; 	; ; 	; ; 
Cre07.g323350.t1.2	Cre07.g323350.t1.2; Cre03.g173650.t1.2	660; 676	Pfam	; 	; 	; 	; 
Cre07.g323890.t1.2	Cre07.g323890.t1.2; Cre06.g310576.t1.1; Cre10.g450626.t1.1; Cre09.g386748.t1.1; Cre16.g667354.t1.1	81; 99; 99; 120; 56	Pfam	; ; ; ; 	; ; ; ; 	; ; ; ; 	; ; ; ; 
Cre07.g324150.t1.1	Cre07.g324150.t1.1; Cre05.g243802.t1.1	860; 904	Pfam	PF07173; PF07173	Glycine-rich domain-containing protein-like; Glycine-rich domain-containing protein-like	IPR009836; IPR009836	Glycine-rich domain-containing protein-like; Glycine-rich domain-containing protein-like
Cre07.g324222.t1.1	Cre07.g324222.t1.1; Cre07.g324233.t1.1	115; 110	Pfam	; 	; 	; 	; 
Cre07.g325026.t1.1	Cre07.g325026.t1.1; Cre03.g212193.t1.1	66; 61	Pfam	; 	; 	; 	; 
Cre07.g325050.t1.1	Cre07.g325050.t1.1; Cre03.g204050.t1.1	769; 768	Pfam	PF03016; PF03016	Exostosin family; Exostosin family	IPR004263; IPR004263	Exostosin-like; Exostosin-like
Cre07.g325710.t1.1	Cre07.g325710.t1.1; Cre02.g119526.t1.1; Cre06.g306079.t1.1	82; 63; 67	Pfam	; ; 	; ; 	; ; 	; ; 
Cre07.g325711.t1.1	Cre07.g325711.t1.1; Cre07.g325650.t1.2	181; 186	Pfam	PF10601; PF10601	LITAF-like zinc ribbon domain; LITAF-like zinc ribbon domain	IPR006629; IPR006629	LPS-induced tumour necrosis factor alpha factor; LPS-induced tumour necrosis factor alpha factor
Cre07.g325720.t1.1	Cre07.g325720.t1.1; Cre06.g260750.t1.1; Cre02.g100450.t1.1; Cre10.g431250.t1.1	2226; 2275; 2180; 2185	Pfam	PF00211; PF00211; PF00211; PF00211	Adenylate and Guanylate cyclase catalytic domain; Adenylate and Guanylate cyclase catalytic domain; Adenylate and Guanylate cyclase catalytic domain; Adenylate and Guanylate cyclase catalytic domain	IPR001054; IPR001054; IPR001054; IPR001054	Adenylyl cyclase class-3/4/guanylyl cyclase; Adenylyl cyclase class-3/4/guanylyl cyclase; Adenylyl cyclase class-3/4/guanylyl cyclase; Adenylyl cyclase class-3/4/guanylyl cyclase
Cre07.g325734.t1.1	Cre07.g325734.t1.1; Cre16.g650550.t2.1	163; 151	Pfam	PF00334; PF00334	Nucleoside diphosphate kinase; Nucleoside diphosphate kinase	IPR034907; IPR034907	Nucleoside diphosphate kinase-like domain; Nucleoside diphosphate kinase-like domain
Cre07.g325737.t1.1	Cre07.g325737.t1.1; Cre14.g614200.t1.2; Cre17.g745297.t1.1	397; 365; 411	Pfam	; ; 	; ; 	; ; 	; ; 
Cre07.g325740.t1.1	Cre07.g325740.t1.1; Cre07.g325741.t1.1	653; 653	Pfam	PF01384; PF01384	Phosphate transporter family; Phosphate transporter family	IPR001204; IPR001204	Phosphate transporter; Phosphate transporter
Cre07.g325758.t1.1	Cre07.g325758.t1.1; Cre17.g707450.t1.2; Cre16.g689733.t1.1; Cre04.g224667.t1.1	347; 316; 417; 282	Pfam	; ; ; 	; ; ; 	; ; ; 	; ; ; 
Cre07.g326150.t1.1	Cre07.g326150.t1.1; Cre13.g566200.t1.2	751; 733	Pfam	; PF00642	; Zinc finger C-x8-C-x5-C-x3-H type (and similar)	; IPR000571	; Zinc finger, CCCH-type
Cre07.g327333.t1.1	Cre07.g327333.t1.1; Cre02.g074474.t1.1; Cre09.g390689.t1.1; Cre17.g733986.t1.2; Cre09.g397052.t1.1; Cre06.g250976.t1.1; Cre07.g312002.t1.1; Cre01.g034875.t1.1; Cre12.g492152.t1.1; Cre16.g683954.t1.1; Cre01.g038376.t1.1; Cre03.g161976.t1.1; Cre10.g417741.t1.1; Cre03.g146847.t1.1	92; 59; 86; 68; 76; 103; 79; 74; 68; 55; 68; 94; 87; 67	Pfam	; ; ; ; ; ; ; ; ; ; ; ; ; 	; ; ; ; ; ; ; ; ; ; ; ; ; 	; ; ; ; ; ; ; ; ; ; ; ; ; 	; ; ; ; ; ; ; ; ; ; ; ; ; 
Cre07.g327800.t1.1	Cre07.g327800.t1.1; Cre12.g530900.t1.2	630; 631	Pfam	PF00005, PF01061; PF00005, PF01061	ABC transporter, ABC-2 type transporter; ABC transporter, ABC-2 type transporter	IPR003439, IPR013525; IPR003439, IPR013525	ABC transporter-like, ABC-2 type transporter; ABC transporter-like, ABC-2 type transporter
Cre07.g329200.t1.2	Cre07.g329200.t1.2; Cre07.g329233.t1.1; Cre07.g329217.t1.1	77; 77; 77	Pfam	PF07717; PF07717; PF07717	Oligonucleotide/oligosaccharide-binding (OB)-fold; Oligonucleotide/oligosaccharide-binding (OB)-fold; Oligonucleotide/oligosaccharide-binding (OB)-fold	IPR011709; IPR011709; IPR011709	Domain of unknown function DUF1605; Domain of unknown function DUF1605; Domain of unknown function DUF1605
Cre07.g330750.t1.1	Cre07.g330750.t1.1; Cre17.g705500.t1.1	951; 890	Pfam	PF12499; PF12499	Pherophorin; Pherophorin	IPR024616; IPR024616	Pherophorin; Pherophorin
Cre07.g331150.t1.2	Cre07.g331150.t1.2; Cre07.g332100.t1.2	1378; 1319	Pfam	PF00141, PF07732, PF07731; PF00141, PF07731	Peroxidase, Multicopper oxidase, Multicopper oxidase; Peroxidase, Multicopper oxidase	IPR002016, IPR011707, IPR011706; IPR002016, IPR011706	Haem peroxidase, Multicopper oxidase, type 3, Multicopper oxidase, type 2; Haem peroxidase, Multicopper oxidase, type 2
Cre07.g331600.t1.2	Cre07.g331600.t1.2; Cre01.g016700.t1.1	349; 344	Pfam	; 	; 	; 	; 
Cre07.g333570.t1.1	Cre07.g333570.t1.1; Cre08.g373350.t1.2; Cre10.g445275.t1.1	450; 461; 409	Pfam	PF00078; PF00078; PF00078	Reverse transcriptase (RNA-dependent DNA polymerase); Reverse transcriptase (RNA-dependent DNA polymerase); Reverse transcriptase (RNA-dependent DNA polymerase)	IPR000477; IPR000477; IPR000477	Reverse transcriptase domain; Reverse transcriptase domain; Reverse transcriptase domain
Cre07.g333640.t1.1	Cre07.g333640.t1.1; Cre05.g235102.t1.1	1564; 1617	Pfam	; PF00078, PF03372	; Reverse transcriptase (RNA-dependent DNA polymerase), Endonuclease/Exonuclease/phosphatase family	; IPR000477, IPR005135	; Reverse transcriptase domain, Endonuclease/exonuclease/phosphatase
Cre07.g333711.t1.1	Cre01.g006301.t1.1; Cre07.g333711.t1.1; Cre08.g373348.t1.1	57; 57; 125	Pfam	; ; 	; ; 	; ; 	; ; 
Cre07.g333746.t1.1	Cre07.g333746.t1.1; Cre12.g484834.t1.1	1047; 1017	Pfam	PF00628; 	PHD-finger; 	IPR019787; 	Zinc finger, PHD-finger; 
Cre07.g333781.t1.1	Cre07.g333781.t1.1; Cre08.g362036.t1.2; Cre03.g143707.t1.1	71; 98; 110	Pfam	; ; 	; ; 	; ; 	; ; 
Cre07.g333816.t1.1	Cre07.g333816.t1.1; Cre21.g753097.t1.1	827; 811	Pfam	PF00078; PF00078	Reverse transcriptase (RNA-dependent DNA polymerase); Reverse transcriptase (RNA-dependent DNA polymerase)	IPR000477; IPR000477	Reverse transcriptase domain; Reverse transcriptase domain
Cre07.g334776.t1.1	Cre07.g334776.t1.1; Cre09.g386125.t1.1; Cre10.g417741.t1.1; Cre12.g559554.t1.1; Cre03.g146847.t1.1; Cre12.g499152.t1.1; Cre10.g417576.t1.1; Cre11.g483301.t1.1; Cre01.g058156.t1.1; Cre13.g573850.t1.1; Cre12.g548702.t1.1; Cre17.g692676.t1.1; Cre12.g536776.t1.1; Cre09.g405105.t1.1; Cre17.g742116.t1.1; Cre02.g119484.t1.2; Cre03.g155976.t1.1; Cre02.g099452.t1.1; Cre06.g288900.t1.1; Cre16.g689766.t1.1; Cre13.g563876.t1.1	60; 86; 87; 104; 67; 116; 73; 57; 80; 85; 61; 87; 59; 94; 91; 101; 69; 70; 70; 98; 58	Pfam	; ; ; ; ; ; ; ; ; ; ; ; ; ; ; ; ; ; ; ; 	; ; ; ; ; ; ; ; ; ; ; ; ; ; ; ; ; ; ; ; 	; ; ; ; ; ; ; ; ; ; ; ; ; ; ; ; ; ; ; ; 	; ; ; ; ; ; ; ; ; ; ; ; ; ; ; ; ; ; ; ; 
Cre07.g335451.t1.1	Cre07.g335451.t1.1; Cre13.g583861.t1.1; Cre12.g510751.t1.1; Cre01.g072027.t1.1; Cre09.g413566.t1.1	1034; 1082; 1082; 1074; 1011	Pfam	; ; ; ; 	; ; ; ; 	; ; ; ; 	; ; ; ; 
Cre07.g335500.t1.1	Cre07.g335500.t1.1; Cre01.g028400.t1.1	1388; 1378	Pfam	; 	; 	; 	; 
Cre07.g336150.t1.2	Cre07.g336150.t1.2; Cre07.g336550.t1.1	427; 485	Pfam	; 	; 	; 	; 
Cre07.g336300.t1.1	Cre07.g336300.t1.1; Cre12.g499150.t1.1; Cre14.g633250.t1.2	292; 269; 296	Pfam	; ; 	; ; 	; ; 	; ; 
Cre07.g337200.t1.2	Cre07.g337200.t1.2; Cre09.g404850.t1.1; Cre01.g008950.t1.2; Cre08.g358100.t1.1	160; 190; 217; 156	Pfam	; ; ; 	; ; ; 	; ; ; 	; ; ; 
Cre07.g337250.t1.2	Cre07.g337250.t1.2; Cre09.g401552.t1.1; Cre09.g401589.t1.1; Cre09.g401849.t1.1; Cre09.g401626.t1.1	1223; 1222; 1261; 1292; 1248	Pfam	PF01753; PF01753; PF01753; ; 	MYND finger; MYND finger; MYND finger; ; 	IPR002893; IPR002893; IPR002893; ; 	Zinc finger, MYND-type; Zinc finger, MYND-type; Zinc finger, MYND-type; ; 
Cre07.g337914.t1.2	Cre07.g337914.t1.2; Cre07.g337950.t1.2	495; 538	Pfam	; 	; 	; 	; 
Cre07.g338700.t1.1	Cre07.g338700.t1.1; Cre07.g338800.t2.1	232; 187	Pfam	PF04676; PF04676	Protein similar to CwfJ C-terminus 2; Protein similar to CwfJ C-terminus 2	IPR006767; IPR006767	Cwf19-like protein, C-terminal domain-2; Cwf19-like protein, C-terminal domain-2
Cre07.g338750.t1.1	Cre07.g338750.t1.1; Cre07.g338850.t1.2	528; 524	Pfam	; 	; 	; 	; 
Cre07.g339150.t1.1	Cre07.g339150.t1.1; Cre17.g741450.t1.2	578; 582	Pfam	PF00118; PF00118	TCP-1/cpn60 chaperonin family; TCP-1/cpn60 chaperonin family	IPR002423; IPR002423	Chaperonin Cpn60/TCP-1 family; Chaperonin Cpn60/TCP-1 family
Cre07.g339900.t1.1	Cre07.g339900.t1.1; Cre07.g340250.t1.1; Cre09.g388875.t1.1; Cre02.g087850.t1.1; Cre10.g462050.t1.1; Cre02.g087900.t1.1	872; 920; 913; 840; 912; 969	Pfam	PF00069; PF00069; PF00069; PF00069; PF00069; PF00069	Protein kinase domain; Protein kinase domain; Protein kinase domain; Protein kinase domain; Protein kinase domain; Protein kinase domain	IPR000719; IPR000719; IPR000719; IPR000719; IPR000719; IPR000719	Protein kinase domain; Protein kinase domain; Protein kinase domain; Protein kinase domain; Protein kinase domain; Protein kinase domain
Cre07.g339926.t1.1	Cre07.g339926.t1.1; Cre09.g386730.t1.1; Cre09.g386476.t1.1; Cre16.g692003.t1.1; Cre17.g697750.t1.2; Cre02.g143392.t1.2; Cre17.g703932.t1.2	124; 164; 147; 108; 185; 189; 77	Pfam	; ; ; ; ; ; 	; ; ; ; ; ; 	; ; ; ; ; ; 	; ; ; ; ; ; 
Cre07.g340850.t1.2	Cre07.g340850.t1.2; Cre01.g054250.t1.2	644; 707	Pfam	PF00067; PF00067	Cytochrome P450; Cytochrome P450	IPR001128; IPR001128	Cytochrome P450; Cytochrome P450
Cre07.g341100.t1.2	Cre07.g341100.t1.2; Cre02.g076650.t1.2	161; 140	Pfam	; 	; 	; 	; 
Cre07.g341554.t1.1	Cre07.g341554.t1.1; Cre10.g423083.t2.1	384; 392	Pfam	; 	; 	; 	; 
Cre07.g341556.t1.1	Cre07.g341556.t1.1; Cre09.g391060.t1.1	71; 133	Pfam	; 	; 	; 	; 
Cre07.g342650.t1.1	Cre07.g342650.t1.1; Cre07.g345250.t1.1; Cre07.g344771.t1.2; Cre07.g343600.t1.1; Cre11.g468150.t1.1; Cre07.g343250.t1.1; Cre07.g343567.t1.1; Cre07.g343534.t1.1; Cre07.g343300.t1.1; Cre07.g343650.t1.1; Cre04.g217920.t1.1; Cre13.g579250.t1.2; Cre07.g327050.t1.2; Cre09.g401552.t1.1; Cre17.g739500.t1.1	1056; 1112; 1078; 993; 1103; 1154; 1063; 1073; 1160; 1150; 1138; 1068; 1118; 1222; 1176	Pfam	; ; ; ; PF01753; ; ; ; ; ; PF01753; ; ; PF01753; PF01753	; ; ; ; MYND finger; ; ; ; ; ; MYND finger; ; ; MYND finger; MYND finger	; ; ; ; IPR002893; ; ; ; ; ; IPR002893; ; ; IPR002893; IPR002893	; ; ; ; Zinc finger, MYND-type; ; ; ; ; ; Zinc finger, MYND-type; ; ; Zinc finger, MYND-type; Zinc finger, MYND-type
Cre07.g344260.t1.2	Cre07.g344260.t1.2; Cre10.g466900.t1.2	199; 195	Pfam	; 	; 	; 	; 
Cre07.g344400.t1.2	Cre07.g344400.t1.2; Cre07.g344550.t1.2	510; 514	Pfam	PF00389, PF02826; PF02826, PF00389	D-isomer specific 2-hydroxyacid dehydrogenase, catalytic domain, D-isomer specific 2-hydroxyacid dehydrogenase, NAD binding domain; D-isomer specific 2-hydroxyacid dehydrogenase, NAD binding domain, D-isomer specific 2-hydroxyacid dehydrogenase, catalytic domain	IPR006139, IPR006140; IPR006140, IPR006139	D-isomer specific 2-hydroxyacid dehydrogenase, catalytic domain, D-isomer specific 2-hydroxyacid dehydrogenase, NAD-binding domain; D-isomer specific 2-hydroxyacid dehydrogenase, NAD-binding domain, D-isomer specific 2-hydroxyacid dehydrogenase, catalytic domain
Cre07.g344500.t1.2	Cre07.g344500.t1.2; Cre13.g581000.t1.1; Cre13.g580950.t1.1; Cre13.g581050.t1.1	434; 414; 441; 375	Pfam	PF05686; PF05686; PF05686; PF05686	Glycosyl transferase family 90; Glycosyl transferase family 90; Glycosyl transferase family 90; Glycosyl transferase family 90	IPR006598; IPR006598; IPR006598; IPR006598	Lipopolysaccharide-modifying protein; Lipopolysaccharide-modifying protein; Lipopolysaccharide-modifying protein; Lipopolysaccharide-modifying protein
Cre07.g344800.t1.2	Cre07.g344800.t1.2; Cre12.g544111.t1.1; Cre01.g031550.t1.1	607; 646; 669	Pfam	PF07282; PF07282; PF00149, PF07282	Putative transposase DNA-binding domain; Putative transposase DNA-binding domain; Calcineurin-like phosphoesterase, Putative transposase DNA-binding domain	IPR010095; IPR010095; IPR004843, IPR010095	Transposase IS605, OrfB, C-terminal; Transposase IS605, OrfB, C-terminal; Calcineurin-like phosphoesterase domain, ApaH type, Transposase IS605, OrfB, C-terminal
Cre07.g345000.t1.1	Cre07.g345000.t1.1; Cre07.g345031.t1.2; Cre08.g361350.t1.2	1112; 1094; 1065	Pfam	; ; PF01936	; ; NYN domain	; ; IPR021139	; ; NYN domain, limkain-b1-type
Cre07.g345100.t1.2	Cre01.g003600.t1.2; Cre13.g585026.t1.1; Cre17.g742750.t1.2; Cre06.g292315.t1.1; Cre06.g254213.t1.1; Cre16.g660700.t1.2; Cre14.g608093.t1.2; Cre07.g345100.t1.2; Cre08.g380100.t1.2; Cre17.g719855.t1.1; Cre06.g301325.t1.1; Cre01.g020751.t1.2	105; 105; 105; 105; 105; 105; 105; 105; 105; 129; 129; 116	Pfam	; ; ; ; ; ; ; ; ; ; ; 	; ; ; ; ; ; ; ; ; ; ; 	; ; ; ; ; ; ; ; ; ; ; 	; ; ; ; ; ; ; ; ; ; ; 
Cre07.g345350.t1.1	Cre07.g345350.t1.1; Cre16.g677382.t1.1	812; 849	Pfam	PF00249; PF00249	Myb-like DNA-binding domain; Myb-like DNA-binding domain	IPR001005; IPR001005	SANT/Myb domain; SANT/Myb domain
Cre07.g345550.t1.2	Cre07.g345550.t1.2; Cre07.g346300.t1.2; Cre17.g740100.t1.1; Cre14.g630600.t1.1; Cre14.g618800.t1.1	1384; 1388; 1396; 1393; 1432	Pfam	PF01753; PF01753; PF01753; PF01753; PF01753	MYND finger; MYND finger; MYND finger; MYND finger; MYND finger	IPR002893; IPR002893; IPR002893; IPR002893; IPR002893	Zinc finger, MYND-type; Zinc finger, MYND-type; Zinc finger, MYND-type; Zinc finger, MYND-type; Zinc finger, MYND-type
Cre07.g346050.t2.1	Cre07.g346050.t2.1; Cre12.g510050.t1.2	408; 405	Pfam	PF02915; PF02915	Rubrerythrin; Rubrerythrin	IPR003251; IPR003251	Rubrerythrin; Rubrerythrin
Cre07.g346200.t1.2	Cre07.g346200.t1.2; Cre13.g565270.t1.1; Cre02.g073350.t1.2; Cre02.g085350.t1.1	389; 389; 389; 385	Pfam	; ; ; 	; ; ; 	; ; ; 	; ; ; 
Cre07.g346350.t1.2	Cre07.g346350.t1.2; Cre02.g127237.t1.1; Cre17.g747097.t1.1; Cre02.g100533.t1.1; Cre02.g134124.t1.1; Cre10.g417450.t1.1; Cre09.g390504.t1.1; Cre09.g416616.t1.1; Cre16.g686641.t1.1; Cre07.g317626.t1.1; Cre12.g490141.t1.1; Cre01.g040517.t1.1; Cre06.g250276.t1.1	266; 206; 308; 316; 315; 320; 288; 206; 233; 318; 338; 258; 282	Pfam	PF00650; ; ; ; ; ; ; ; ; ; ; ; 	CRAL/TRIO domain; ; ; ; ; ; ; ; ; ; ; ; 	IPR001251; ; ; ; ; ; ; ; ; ; ; ; 	CRAL-TRIO lipid binding domain; ; ; ; ; ; ; ; ; ; ; ; 
Cre07.g346850.t1.2	Cre07.g346850.t1.2; Cre07.g346900.t1.1; Cre07.g346950.t1.1	238; 257; 238	Pfam	; ; 	; ; 	; ; 	; ; 
Cre07.g346917.t1.1	Cre07.g346917.t1.1; Cre17.g734532.t1.1; Cre09.g391060.t1.1; Cre24.g755147.t1.1; Cre17.g704802.t1.1; Cre06.g263176.t1.1	83; 119; 133; 125; 116; 124	Pfam	; ; ; ; ; 	; ; ; ; ; 	; ; ; ; ; 	; ; ; ; ; 
Cre07.g347300.t1.1	Cre07.g347300.t1.1; Cre07.g347400.t1.2	627; 604	Pfam	PF01585, PF01590; PF01585	G-patch domain, GAF domain; G-patch domain	IPR000467, IPR003018; IPR000467	G-patch domain, GAF domain; G-patch domain
Cre07.g347450.t1.2	Cre07.g347450.t1.2; Cre02.g100900.t1.2	1275; 1234	Pfam	; PF01753	; MYND finger	; IPR002893	; Zinc finger, MYND-type
Cre07.g348010.t1.1	Cre07.g348010.t1.1; Cre03.g202650.t1.2	254; 284	Pfam	; 	; 	; 	; 
Cre07.g348300.t1.2	Cre07.g348300.t1.2; Cre07.g348400.t1.1	857; 926	Pfam	; 	; 	; 	; 
Cre07.g349966.t1.1	Cre07.g349966.t1.1; Cre07.g350050.t1.1	439; 496	Pfam	; 	; 	; 	; 
Cre07.g350200.t1.2	Cre07.g350200.t1.2; Cre07.g350250.t1.2; Cre07.g350300.t1.2	221; 245; 298	Pfam	; ; 	; ; 	; ; 	; ; 
Cre07.g351825.t1.1	Cre07.g351825.t1.1; Cre07.g351900.t1.1	1278; 1251	Pfam	PF07714; PF07714	Protein tyrosine kinase; Protein tyrosine kinase	IPR001245; IPR001245	Serine-threonine/tyrosine-protein kinase, catalytic domain; Serine-threonine/tyrosine-protein kinase, catalytic domain
Cre07.g352000.t1.2	Cre07.g352000.t1.2; Cre07.g352075.t1.1	454; 428	Pfam	; 	; 	; 	; 
Cre07.g352250.t1.1	Cre07.g352250.t1.1; Cre11.g467607.t1.1	623; 621	Pfam	PF17667; 	Fungal protein kinase; 	; 	; 
Cre07.g352550.t1.2	Cre07.g352550.t1.2; Cre07.g354301.t1.1	148; 182	Pfam	PF00581; PF00581	Rhodanese-like domain; Rhodanese-like domain	IPR001763; IPR001763	Rhodanese-like domain; Rhodanese-like domain
Cre07.g353325.t1.1	Cre07.g353325.t1.1; Cre12.g523320.t2.1	137; 99	Pfam	; 	; 	; 	; 
Cre07.g353450.t1.2	Cre07.g353450.t1.2; Cre01.g055408.t1.1	668; 700	Pfam	PF13193, PF00501, PF16177; PF16177, PF13193, PF00501	AMP-binding enzyme C-terminal domain, AMP-binding enzyme, Acetyl-coenzyme A synthetase N-terminus; Acetyl-coenzyme A synthetase N-terminus, AMP-binding enzyme C-terminal domain, AMP-binding enzyme	IPR025110, IPR000873, IPR032387; IPR032387, IPR025110, IPR000873	AMP-binding enzyme, C-terminal domain, AMP-dependent synthetase/ligase, Acetyl-coenzyme A synthetase, N-terminal domain; Acetyl-coenzyme A synthetase, N-terminal domain, AMP-binding enzyme, C-terminal domain, AMP-dependent synthetase/ligase
Cre07.g353500.t1.1	Cre07.g353500.t1.1; Cre08.g364400.t1.1	1393; 1379	Pfam	PF00847; PF00847	AP2 domain; AP2 domain	IPR001471; IPR001471	AP2/ERF domain; AP2/ERF domain
Cre07.g353600.t1.2	Cre07.g353600.t1.2; Cre03.g201552.t1.1	643; 613	Pfam	PF05548; PF05548	Gametolysin peptidase M11; Gametolysin peptidase M11	IPR008752; IPR008752	Peptidase M11, gametolysin; Peptidase M11, gametolysin
Cre07.g354050.t1.1	Cre07.g354050.t1.1; Cre14.g618979.t1.1; Cre14.g618800.t1.1; Cre17.g740100.t1.1	1375; 1394; 1432; 1396	Pfam	PF01753; ; PF01753; PF01753	MYND finger; ; MYND finger; MYND finger	IPR002893; ; IPR002893; IPR002893	Zinc finger, MYND-type; ; Zinc finger, MYND-type; Zinc finger, MYND-type
Cre07.g354350.t1.1	Cre07.g354350.t1.1; Cre07.g354450.t1.2	552; 492	Pfam	PF00067; PF00067	Cytochrome P450; Cytochrome P450	IPR001128; IPR001128	Cytochrome P450; Cytochrome P450
Cre07.g355150.t1.1	Cre07.g355150.t1.1; Cre13.g573950.t1.1	437; 409	Pfam	PF02535; PF02535	ZIP Zinc transporter; ZIP Zinc transporter	IPR003689; IPR003689	Zinc/iron permease; Zinc/iron permease
Cre07.g356000.t1.2	Cre07.g356000.t1.2; Cre04.g222200.t1.2; Cre12.g490141.t1.1	405; 389; 338	Pfam	; ; 	; ; 	; ; 	; ; 
Cre07.g356970.t1.1	Cre07.g356970.t1.1; Cre09.g386500.t1.2	626; 612	Pfam	; 	; 	; 	; 
Cre07.g357200.t1.2	Cre07.g357200.t1.2; Cre06.g278185.t1.1	478; 479	Pfam	PF00984, PF03721, PF03720; PF00984, PF03720, PF03721	UDP-glucose/GDP-mannose dehydrogenase family, central domain, UDP-glucose/GDP-mannose dehydrogenase family, NAD binding domain, UDP-glucose/GDP-mannose dehydrogenase family, UDP binding domain; UDP-glucose/GDP-mannose dehydrogenase family, central domain, UDP-glucose/GDP-mannose dehydrogenase family, UDP binding domain, UDP-glucose/GDP-mannose dehydrogenase family, NAD binding domain	IPR014026, IPR001732, IPR014027; IPR014026, IPR014027, IPR001732	UDP-glucose/GDP-mannose dehydrogenase, dimerisation, UDP-glucose/GDP-mannose dehydrogenase, N-terminal, UDP-glucose/GDP-mannose dehydrogenase, C-terminal; UDP-glucose/GDP-mannose dehydrogenase, dimerisation, UDP-glucose/GDP-mannose dehydrogenase, C-terminal, UDP-glucose/GDP-mannose dehydrogenase, N-terminal
Cre07.g357486.t1.2	Cre07.g357486.t1.2; Cre04.g220550.t1.2; Cre13.g565350.t1.2; Cre01.g057426.t1.1	99; 89; 87; 107	Pfam	; ; ; 	; ; ; 	; ; ; 	; ; ; 
Cre08.g358126.t1.1	Cre08.g358126.t1.1; Cre07.g357576.t1.1; Cre12.g555152.t1.1; Cre12.g539076.t1.1	70; 85; 124; 120	Pfam	; ; ; 	; ; ; 	; ; ; 	; ; ; 
Cre08.g358150.t1.2	Cre08.g358150.t1.2; Cre16.g688202.t1.1; Cre16.g688100.t1.2	206; 207; 207	Pfam	; ; 	; ; 	; ; 	; ; 
Cre08.g358450.t1.2	Cre08.g358450.t1.2; Cre02.g111250.t1.2	71; 70	Pfam	; 	; 	; 	; 
Cre08.g358500.t1.2	Cre08.g358500.t1.2; Cre08.g358582.t1.1; Cre15.g634900.t1.2; Cre15.g634913.t1.1	113; 120; 113; 140	Pfam	; ; ; 	; ; ; 	; ; ; 	; ; ; 
Cre08.g358545.t1.1	Cre17.g697850.t1.2; Cre08.g358545.t1.1	603; 603	Pfam	; 	; 	; 	; 
Cre08.g358558.t1.1	Cre08.g358558.t1.1; Cre08.g358559.t1.1	62; 119	Pfam	; 	; 	; 	; 
Cre08.g358583.t1.1	Cre08.g358583.t1.1; Cre08.g359400.t1.2	195; 199	Pfam	; 	; 	; 	; 
Cre08.g359133.t1.1	Cre08.g359133.t1.1; Cre03.g156476.t1.1; Cre03.g156450.t1.2	61; 55; 76	Pfam	; ; 	; ; 	; ; 	; ; 
Cre08.g360200.t1.2	Cre08.g360200.t1.2; Cre17.g703800.t1.1; Cre08.g360250.t1.2	673; 671; 722	Pfam	PF00474; PF00474; PF00474	Sodium:solute symporter family; Sodium:solute symporter family; Sodium:solute symporter family	IPR001734; IPR001734; IPR001734	Sodium/solute symporter; Sodium/solute symporter; Sodium/solute symporter
Cre08.g360500.t1.1	Cre08.g360500.t1.1; Cre08.g360564.t1.2	1235; 1217	Pfam	PF13967, PF02714, PF14703; PF02714, PF13967, PF14703	Late exocytosis, associated with Golgi transport, Calcium-dependent channel, 7TM region, putative phosphate, Cytosolic domain of 10TM putative phosphate transporter; Calcium-dependent channel, 7TM region, putative phosphate, Late exocytosis, associated with Golgi transport, Cytosolic domain of 10TM putative phosphate transporter	IPR032880, IPR003864, IPR027815; IPR003864, IPR032880, IPR027815	Calcium permeable stress-gated cation channel 1, N-terminal transmembrane domain, Calcium-dependent channel, 7TM region, putative phosphate, 10TM putative phosphate transporter, cytosolic domain; Calcium-dependent channel, 7TM region, putative phosphate, Calcium permeable stress-gated cation channel 1, N-terminal transmembrane domain, 10TM putative phosphate transporter, cytosolic domain
Cre08.g360600.t1.1	Cre08.g360600.t1.1; Cre09.g399912.t1.1	1482; 1549	Pfam	PF02714, PF14703, PF13967; PF02714, PF14703, PF13967	Calcium-dependent channel, 7TM region, putative phosphate, Cytosolic domain of 10TM putative phosphate transporter, Late exocytosis, associated with Golgi transport; Calcium-dependent channel, 7TM region, putative phosphate, Cytosolic domain of 10TM putative phosphate transporter, Late exocytosis, associated with Golgi transport	IPR003864, IPR027815, IPR032880; IPR003864, IPR027815, IPR032880	Calcium-dependent channel, 7TM region, putative phosphate, 10TM putative phosphate transporter, cytosolic domain, Calcium permeable stress-gated cation channel 1, N-terminal transmembrane domain; Calcium-dependent channel, 7TM region, putative phosphate, 10TM putative phosphate transporter, cytosolic domain, Calcium permeable stress-gated cation channel 1, N-terminal transmembrane domain
Cre08.g361551.t1.1	Cre08.g361551.t1.1; Cre08.g361600.t1.1; Cre08.g361650.t1.1	523; 548; 565	Pfam	; PF10250; 	; GDP-fucose protein O-fucosyltransferase; 	; IPR019378; 	; GDP-fucose protein O-fucosyltransferase; 
Cre08.g361950.t1.1	Cre08.g361950.t1.1; Cre08.g362050.t1.2; Cre08.g362100.t1.1; Cre08.g362150.t1.1	2885; 2855; 2849; 2812	Pfam	PF13426; PF13426; PF13426; PF13426	PAS domain; PAS domain; PAS domain; PAS domain	IPR000014; IPR000014; IPR000014; IPR000014	PAS domain; PAS domain; PAS domain; PAS domain
Cre08.g362950.t1.1	Cre08.g362950.t1.1; Cre08.g363000.t1.2	865; 812	Pfam	; 	; 	; 	; 
Cre08.g363350.t1.1	Cre08.g363350.t1.1; Cre08.g363450.t1.2	576; 596	Pfam	PF02037; PF02037	SAP domain; SAP domain	IPR003034; IPR003034	SAP domain; SAP domain
Cre08.g363383.t1.1	Cre08.g363383.t1.1; Cre14.g632626.t1.1	76; 67	Pfam	; 	; 	; 	; 
Cre08.g364200.t1.1	Cre08.g364200.t1.1; Cre03.g199199.t1.1; Cre13.g576740.t1.1; Cre02.g114575.t1.1; Cre10.g465822.t1.2; Cre16.g666302.t1.2; Cre06.g250150.t1.2; Cre06.g306014.t1.1; Cre02.g086350.t1.1; Cre10.g433866.t1.1	201; 187; 215; 218; 168; 176; 185; 164; 166; 160	Pfam	PF07282; PF07282; PF07282; PF07282; PF07282; ; ; ; ; 	Putative transposase DNA-binding domain; Putative transposase DNA-binding domain; Putative transposase DNA-binding domain; Putative transposase DNA-binding domain; Putative transposase DNA-binding domain; ; ; ; ; 	IPR010095; IPR010095; IPR010095; IPR010095; IPR010095; ; ; ; ; 	Transposase IS605, OrfB, C-terminal; Transposase IS605, OrfB, C-terminal; Transposase IS605, OrfB, C-terminal; Transposase IS605, OrfB, C-terminal; Transposase IS605, OrfB, C-terminal; ; ; ; ; 
Cre08.g364931.t1.1	Cre08.g364950.t2.1; Cre08.g364931.t1.1; Cre08.g365205.t2.1; Cre08.g365200.t1.2; Cre08.g365150.t1.2; Cre08.g365300.t1.2; Cre08.g365100.t1.1; Cre08.g365050.t1.2; Cre08.g365103.t1.1	574; 542; 553; 553; 553; 553; 563; 553; 504	Pfam	; ; ; ; ; ; ; ; 	; ; ; ; ; ; ; ; 	; ; ; ; ; ; ; ; 	; ; ; ; ; ; ; ; 
Cre08.g365065.t2.1	Cre08.g365065.t2.1; Cre08.g365204.t1.1	212; 169	Pfam	; 	; 	; 	; 
Cre08.g365750.t1.1	Cre08.g365750.t1.1; Cre08.g371800.t1.2	588; 555	Pfam	; 	; 	; 	; 
Cre08.g365900.t1.2	Cre08.g365900.t1.2; Cre08.g367500.t1.1; Cre08.g367400.t1.1	254; 260; 260	Pfam	PF00504; PF00504; PF00504	Chlorophyll A-B binding protein; Chlorophyll A-B binding protein; Chlorophyll A-B binding protein	IPR022796; IPR022796; IPR022796	Chlorophyll A-B binding protein; Chlorophyll A-B binding protein; Chlorophyll A-B binding protein
Cre08.g366450.t1.2	Cre08.g366450.t1.2; Cre08.g366500.t1.2	693; 633	Pfam	; 	; 	; 	; 
Cre08.g367600.t1.2	Cre08.g367600.t1.2; Cre16.g685550.t1.2	326; 360	Pfam	PF00291; PF00291	Pyridoxal-phosphate dependent enzyme; Pyridoxal-phosphate dependent enzyme	IPR001926; IPR001926	Pyridoxal-phosphate dependent enzyme; Pyridoxal-phosphate dependent enzyme
Cre08.g368026.t1.1	Cre12.g553552.t1.1; Cre11.g478982.t1.1; Cre08.g368026.t1.1; Cre06.g257476.t1.1	69; 69; 69; 68	Pfam	; ; ; 	; ; ; 	; ; ; 	; ; ; 
Cre08.g368176.t1.1	Cre08.g368176.t1.1; Cre12.g559554.t1.1; Cre10.g417741.t1.1; Cre09.g386125.t1.1; Cre11.g467697.t1.1; Cre12.g499152.t1.1; Cre03.g159083.t1.2; Cre13.g573850.t1.1; Cre17.g692676.t1.1; Cre02.g119484.t1.2; Cre10.g465822.t1.2; Cre01.g058156.t1.1; Cre17.g742116.t1.1; Cre08.g370083.t1.1; Cre06.g302500.t1.2; Cre16.g666302.t1.2; Cre17.g734580.t2.1; Cre12.g534876.t1.1; Cre13.g576740.t1.1; Cre09.g405105.t1.1; Cre03.g199199.t1.1; Cre10.g465101.t1.1; Cre06.g301400.t1.1; Cre13.g582692.t1.1; Cre16.g675525.t1.1; Cre17.g711526.t1.1	108; 104; 87; 86; 148; 116; 96; 85; 87; 101; 168; 80; 91; 130; 119; 176; 101; 91; 215; 94; 187; 89; 89; 87; 121; 198	Pfam	; ; ; ; ; ; ; ; ; ; PF07282; ; ; ; ; ; ; ; PF07282; ; PF07282; ; ; ; ; 	; ; ; ; ; ; ; ; ; ; Putative transposase DNA-binding domain; ; ; ; ; ; ; ; Putative transposase DNA-binding domain; ; Putative transposase DNA-binding domain; ; ; ; ; 	; ; ; ; ; ; ; ; ; ; IPR010095; ; ; ; ; ; ; ; IPR010095; ; IPR010095; ; ; ; ; 	; ; ; ; ; ; ; ; ; ; Transposase IS605, OrfB, C-terminal; ; ; ; ; ; ; ; Transposase IS605, OrfB, C-terminal; ; Transposase IS605, OrfB, C-terminal; ; ; ; ; 
Cre08.g368650.t1.2	Cre08.g368650.t1.2; Cre08.g369100.t1.2; Cre08.g369550.t1.2; Cre08.g369050.t1.2; Cre08.g371250.t1.1; Cre08.g371350.t1.2; Cre08.g370950.t1.2; Cre08.g371150.t1.2	120; 121; 120; 117; 115; 115; 115; 115	Pfam	; ; ; ; ; ; ; 	; ; ; ; ; ; ; 	; ; ; ; ; ; ; 	; ; ; ; ; ; ; 
Cre08.g368800.t2.1	Cre08.g368800.t2.1; Cre08.g368850.t1.2	220; 253	Pfam	; 	; 	; 	; 
Cre08.g369451.t1.1	Cre08.g369451.t1.1; Cre09.g389097.t1.1; Cre06.g278207.t1.1	588; 596; 611	Pfam	PF00078; PF00078; PF00078	Reverse transcriptase (RNA-dependent DNA polymerase); Reverse transcriptase (RNA-dependent DNA polymerase); Reverse transcriptase (RNA-dependent DNA polymerase)	IPR000477; IPR000477; IPR000477	Reverse transcriptase domain; Reverse transcriptase domain; Reverse transcriptase domain
Cre08.g369700.t1.2	Cre08.g369700.t1.2; Cre08.g369900.t1.2	641; 595	Pfam	PF00069; PF00069	Protein kinase domain; Protein kinase domain	IPR000719; IPR000719	Protein kinase domain; Protein kinase domain
Cre08.g369800.t1.2	Cre08.g369800.t1.2; Cre01.g018950.t1.2	390; 350	Pfam	PF01916; PF01916	Deoxyhypusine synthase; Deoxyhypusine synthase	IPR002773; IPR002773	Deoxyhypusine synthase; Deoxyhypusine synthase
Cre08.g370000.t1.1	Cre08.g370000.t1.1; Cre08.g370750.t1.1; Cre08.g370150.t1.1	2254; 2223; 2158	Pfam	; ; 	; ; 	; ; 	; ; 
Cre08.g371801.t1.2	Cre08.g371801.t1.2; Cre09.g416583.t1.1; Cre02.g084873.t1.2; Cre13.g576740.t1.1; Cre02.g144802.t1.1; Cre06.g306028.t1.1; Cre02.g114575.t1.1; Cre02.g073826.t1.1	280; 321; 263; 215; 323; 244; 218; 299	Pfam	PF07282; PF07282; ; PF07282; ; ; PF07282; 	Putative transposase DNA-binding domain; Putative transposase DNA-binding domain; ; Putative transposase DNA-binding domain; ; ; Putative transposase DNA-binding domain; 	IPR010095; IPR010095; ; IPR010095; ; ; IPR010095; 	Transposase IS605, OrfB, C-terminal; Transposase IS605, OrfB, C-terminal; ; Transposase IS605, OrfB, C-terminal; ; ; Transposase IS605, OrfB, C-terminal; 
Cre08.g371879.t1.1	Cre08.g371879.t1.1; Cre12.g545704.t1.1	182; 231	Pfam	; 	; 	; 	; 
Cre08.g371918.t1.1	Cre08.g371918.t1.1; Cre09.g392840.t1.1	75; 81	Pfam	; 	; 	; 	; 
Cre08.g372100.t1.2	Cre08.g372100.t1.2; Cre02.g080700.t1.2; Cre02.g080600.t1.2	652; 657; 687	Pfam	PF00012; PF00012; PF00012	Hsp70 protein; Hsp70 protein; Hsp70 protein	IPR013126; IPR013126; IPR013126	Heat shock protein 70 family; Heat shock protein 70 family; Heat shock protein 70 family
Cre08.g372600.t1.2	Cre08.g372600.t1.2; Cre13.g603800.t1.1; Cre08.g373000.t1.2	677; 698; 717	Pfam	; ; 	; ; 	; ; 	; ; 
Cre08.g373300.t1.1	Cre08.g373300.t1.1; Cre03.g159150.t1.1; Cre03.g159016.t1.1; Cre09.g387950.t1.1	948; 953; 969; 960	Pfam	PF00069; PF07714; PF00069; PF00069	Protein kinase domain; Protein tyrosine kinase; Protein kinase domain; Protein kinase domain	IPR000719; IPR001245; IPR000719; IPR000719	Protein kinase domain; Serine-threonine/tyrosine-protein kinase, catalytic domain; Protein kinase domain; Protein kinase domain
Cre08.g373341.t1.1	Cre08.g373341.t1.1; Cre15.g643393.t1.1; Cre02.g142707.t1.1; Cre03.g143687.t1.1; Cre13.g593833.t1.1	63; 63; 63; 59; 63	Pfam	; ; ; ; 	; ; ; ; 	; ; ; ; 	; ; ; ; 
Cre08.g373342.t1.1	Cre08.g373342.t1.1; Cre15.g643391.t1.1; Cre04.g217985.t1.1; Cre10.g445201.t3.1; Cre32.g758647.t1.1; Cre13.g595114.t1.1; Cre03.g143707.t1.1	103; 103; 103; 103; 110; 110; 110	Pfam	; ; ; ; ; ; 	; ; ; ; ; ; 	; ; ; ; ; ; 	; ; ; ; ; ; 
Cre08.g373343.t1.1	Cre02.g142747.t1.1; Cre08.g373343.t1.1; Cre17.g711503.t1.1; Cre21.g751847.t1.1; Cre15.g643390.t1.1; Cre13.g596395.t1.1; Cre22.g753997.t1.1; Cre37.g759947.t1.1; Cre09.g399849.t1.1	63; 63; 72; 72; 72; 72; 63; 59; 60	Pfam	; ; ; ; ; ; ; ; 	; ; ; ; ; ; ; ; 	; ; ; ; ; ; ; ; 	; ; ; ; ; ; ; ; 
Cre08.g373345.t1.1	Cre23.g754797.t1.1; Cre08.g373345.t1.1; Cre08.g373370.t1.1	58; 58; 58	Pfam	; ; 	; ; 	; ; 	; ; 
Cre08.g373351.t1.1	Cre08.g373351.t1.1; Cre22.g753947.t1.1	152; 145	Pfam	; 	; 	; 	; 
Cre08.g373353.t1.1	Cre08.g373353.t1.1; Cre22.g753497.t1.1	395; 336	Pfam	; 	; 	; 	; 
Cre08.g373354.t1.1	Cre08.g373354.t1.1; Cre14.g612400.t1.1	947; 997	Pfam	PF18758; PF18758	Kyakuja-Dileera-Zisupton transposase; Kyakuja-Dileera-Zisupton transposase	; 	; 
Cre08.g373355.t1.1	Cre08.g373355.t1.1; Cre22.g753897.t1.1; Cre08.g373367.t1.1	225; 207; 239	Pfam	; ; 	; ; 	; ; 	; ; 
Cre08.g373357.t1.1	Cre08.g373357.t1.1; Cre22.g753747.t1.1; Cre22.g753797.t1.1	126; 142; 122	Pfam	; ; 	; ; 	; ; 	; ; 
Cre08.g373360.t1.1	Cre08.g373360.t1.1; Cre16.g679152.t1.1; Cre04.g217926.t1.1	263; 202; 237	Pfam	; ; 	; ; 	; ; 	; ; 
Cre08.g373361.t1.1	Cre08.g373361.t1.1; Cre23.g754497.t1.1; Cre02.g142326.t1.1	816; 860; 775	Pfam	PF18758; PF18758; PF18758	Kyakuja-Dileera-Zisupton transposase; Kyakuja-Dileera-Zisupton transposase; Kyakuja-Dileera-Zisupton transposase	; ; 	; ; 
Cre08.g373362.t1.1	Cre08.g373362.t1.1; Cre14.g622100.t1.2; Cre04.g224915.t1.1; Cre09.g402626.t1.1; Cre08.g373366.t1.1; Cre03.g198236.t1.1	508; 490; 471; 471; 438; 392	Pfam	; ; ; ; ; 	; ; ; ; ; 	; ; ; ; ; 	; ; ; ; ; 
Cre08.g373364.t1.1	Cre08.g373364.t1.1; Cre03.g198500.t1.1	700; 749	Pfam	; 	; 	; 	; 
Cre08.g373365.t1.1	Cre08.g373365.t1.1; Cre02.g142807.t1.1; Cre04.g217969.t1.1; Cre04.g212801.t1.1; Cre04.g224947.t1.1; Cre17.g702002.t1.1; Cre09.g402701.t1.1; Cre14.g622200.t1.2; Cre03.g198450.t1.2; Cre15.g642213.t1.1; Cre22.g754147.t1.1	439; 444; 444; 443; 443; 443; 443; 439; 443; 431; 384	Pfam	; ; ; ; ; ; ; ; ; ; 	; ; ; ; ; ; ; ; ; ; 	; ; ; ; ; ; ; ; ; ; 	; ; ; ; ; ; ; ; ; ; 
Cre08.g373368.t1.1	Cre08.g373368.t1.1; Cre02.g095042.t1.1	60; 94	Pfam	; 	; 	; 	; 
Cre08.g373371.t1.1	Cre08.g373371.t1.1; Cre22.g754097.t1.1	310; 372	Pfam	; 	; 	; 	; 
Cre08.g373373.t1.1	Cre08.g373373.t1.1; Cre12.g491950.t1.2; Cre22.g753597.t1.1; Cre23.g754447.t1.1; Cre12.g539141.t1.1; Cre09.g398983.t1.1; Cre04.g217988.t1.1; Cre10.g445371.t1.1	72; 72; 72; 72; 72; 72; 70; 70	Pfam	; ; ; ; ; ; ; 	; ; ; ; ; ; ; 	; ; ; ; ; ; ; 	; ; ; ; ; ; ; 
Cre08.g373377.t1.1	Cre08.g373377.t1.1; Cre02.g141146.t1.1; Cre03.g208552.t1.1	75; 82; 78	Pfam	; ; 	; ; 	; ; 	; ; 
Cre08.g373400.t1.2	Cre08.g373400.t1.2; Cre02.g142947.t1.1; Cre05.g243601.t1.1; Cre03.g143727.t1.1; Cre05.g235228.t1.1	579; 625; 599; 569; 557	Pfam	; ; ; ; 	; ; ; ; 	; ; ; ; 	; ; ; ; 
Cre08.g373436.t1.1	Cre08.g373436.t1.1; Cre27.g757447.t1.1; Cre10.g445251.t1.1; Cre25.g756147.t1.1; Cre16.g668481.t1.1	156; 176; 159; 132; 132	Pfam	; ; ; ; 	; ; ; ; 	; ; ; ; 	; ; ; ; 
Cre08.g374436.t1.2	Cre08.g374436.t1.2; Cre06.g297250.t1.1	284; 285	Pfam	; 	; 	; 	; 
Cre08.g374600.t1.1	Cre08.g374600.t1.1; Cre09.g401034.t1.1	815; 809	Pfam	; 	; 	; 	; 
Cre08.g374900.t1.2	Cre08.g374900.t1.2; Cre08.g374926.t1.1	782; 720	Pfam	; 	; 	; 	; 
Cre08.g375700.t1.1	Cre08.g375700.t1.1; Cre01.g016542.t1.1; Cre01.g055250.t1.2	365; 366; 372	Pfam	; ; 	; ; 	; ; 	; ; 
Cre08.g376550.t1.2	Cre33.g759047.t1.1; Cre08.g376550.t1.2	106; 106	Pfam	PF03259; PF03259	Roadblock/LC7 domain; Roadblock/LC7 domain	IPR004942; IPR004942	Roadblock/LAMTOR2 domain; Roadblock/LAMTOR2 domain
Cre08.g379150.t1.2	Cre08.g379150.t1.2; Cre08.g379187.t1.1	405; 405	Pfam	; 	; 	; 	; 
Cre08.g380452.t1.1	Cre08.g380452.t1.1; Cre01.g041800.t1.2	555; 523	Pfam	; 	; 	; 	; 
Cre08.g380700.t1.2	Cre08.g380700.t1.2; Cre08.g380800.t2.1	152; 158	Pfam	; 	; 	; 	; 
Cre08.g380850.t1.2	Cre08.g380850.t1.2; Cre08.g381200.t1.1; Cre08.g381350.t1.2; Cre16.g655316.t1.1; Cre16.g655350.t1.1; Cre08.g381150.t1.2; Cre08.g381300.t1.2; Cre08.g381250.t1.2	459; 463; 436; 451; 448; 458; 440; 440	Pfam	; ; ; ; ; ; ; 	; ; ; ; ; ; ; 	; ; ; ; ; ; ; 	; ; ; ; ; ; ; 
Cre08.g381075.t1.1	Cre08.g381075.t1.1; Cre08.g381100.t1.1; Cre16.g655283.t1.1	297; 336; 360	Pfam	; ; 	; ; 	; ; 	; ; 
Cre08.g381550.t1.2	Cre08.g381550.t1.2; Cre08.g381600.t1.2; Cre16.g686700.t1.1; Cre17.g723100.t1.2	274; 280; 288; 254	Pfam	PF03330; PF03330; PF03330; PF03330	Lytic transglycolase; Lytic transglycolase; Lytic transglycolase; Lytic transglycolase	IPR009009; IPR009009; IPR009009; IPR009009	RlpA-like protein, double-psi beta-barrel domain; RlpA-like protein, double-psi beta-barrel domain; RlpA-like protein, double-psi beta-barrel domain; RlpA-like protein, double-psi beta-barrel domain
Cre08.g383400.t1.1	Cre08.g383400.t1.1; Cre08.g383600.t1.1	2127; 2097	Pfam	PF00530; PF00530	Scavenger receptor cysteine-rich domain; Scavenger receptor cysteine-rich domain	IPR001190; IPR001190	SRCR domain; SRCR domain
Cre08.g383950.t1.1	Cre08.g383950.t1.1; Cre08.g384100.t1.1	658; 659	Pfam	; 	; 	; 	; 
Cre08.g384628.t1.1	Cre08.g384628.t1.1; Cre09.g406250.t1.1; Cre17.g746297.t1.1	1139; 1195; 1194	Pfam	PF01753; PF01753; PF01753	MYND finger; MYND finger; MYND finger	IPR002893; IPR002893; IPR002893	Zinc finger, MYND-type; Zinc finger, MYND-type; Zinc finger, MYND-type
Cre11.g467522.t1.1	Cre11.g467522.t1.1; Cre17.g748047.t1.1; Cre06.g246958.t1.1; Cre05.g241630.t1.1	226; 187; 284; 212	Pfam	PF00078; PF00078; PF00078; 	Reverse transcriptase (RNA-dependent DNA polymerase); Reverse transcriptase (RNA-dependent DNA polymerase); Reverse transcriptase (RNA-dependent DNA polymerase); 	IPR000477; IPR000477; IPR000477; 	Reverse transcriptase domain; Reverse transcriptase domain; Reverse transcriptase domain; 
Cre11.g467533.t1.1	Cre11.g467533.t1.1; Cre09.g416583.t1.1; Cre02.g144802.t1.1; Cre16.g672454.t1.1; Cre02.g073826.t1.1	367; 321; 323; 330; 299	Pfam	; PF07282; ; ; 	; Putative transposase DNA-binding domain; ; ; 	; IPR010095; ; ; 	; Transposase IS605, OrfB, C-terminal; ; ; 
Cre11.g467535.t1.1	Cre11.g467535.t1.1; Cre16.g658850.t1.1	417; 350	Pfam	PF00153; PF00153	Mitochondrial carrier protein; Mitochondrial carrier protein	IPR018108; IPR018108	Mitochondrial substrate/solute carrier; Mitochondrial substrate/solute carrier
Cre11.g467538.t1.1	Cre11.g467538.t1.1; Cre11.g467539.t1.1; Cre11.g467540.t1.1	732; 718; 676	Pfam	PF09118, PF07250; PF09118, PF07250; PF07250, PF09118	Domain of unknown function (DUF1929), Glyoxal oxidase N-terminus; Domain of unknown function (DUF1929), Glyoxal oxidase N-terminus; Glyoxal oxidase N-terminus, Domain of unknown function (DUF1929)	IPR015202, IPR009880; IPR015202, IPR009880; IPR009880, IPR015202	Galactose oxidase-like, Early set domain, Glyoxal oxidase, N-terminal; Galactose oxidase-like, Early set domain, Glyoxal oxidase, N-terminal; Glyoxal oxidase, N-terminal, Galactose oxidase-like, Early set domain
Cre11.g467575.t1.1	Cre11.g467575.t1.1; Cre12.g533351.t1.1	1086; 1054	Pfam	PF10431, PF07724, PF17871, PF00004; PF07724, PF17871, PF00004, PF10431	C-terminal, D2-small domain, of ClpB protein, AAA domain (Cdc48 subfamily), AAA lid domain, ATPase family associated with various cellular activities (AAA); AAA domain (Cdc48 subfamily), AAA lid domain, ATPase family associated with various cellular activities (AAA), C-terminal, D2-small domain, of ClpB protein	IPR019489, IPR003959, , IPR003959; IPR003959, , IPR003959, IPR019489	Clp ATPase, C-terminal, ATPase, AAA-type, core, , ATPase, AAA-type, core; ATPase, AAA-type, core, , ATPase, AAA-type, core, Clp ATPase, C-terminal
Cre11.g467583.t1.1	Cre11.g467583.t1.1; Cre10.g433850.t1.1	1030; 967	Pfam	; 	; 	; 	; 
Cre11.g467584.t1.1	Cre11.g467584.t1.1; Cre11.g467589.t1.1; Cre11.g467588.t1.1; Cre17.g713750.t1.2	694; 667; 667; 674	Pfam	PF00069; PF00069; PF00069; PF00069	Protein kinase domain; Protein kinase domain; Protein kinase domain; Protein kinase domain	IPR000719; IPR000719; IPR000719; IPR000719	Protein kinase domain; Protein kinase domain; Protein kinase domain; Protein kinase domain
Cre11.g467585.t1.1	Cre11.g467585.t1.1; Cre11.g467587.t1.1	504; 449	Pfam	PF00069; 	Protein kinase domain; 	IPR000719; 	Protein kinase domain; 
Cre11.g467593.t1.1	Cre11.g467593.t1.1; Cre11.g467601.t1.1; Cre11.g467594.t1.1; Cre11.g467599.t1.1; Cre02.g110350.t1.2	220; 226; 218; 217; 279	Pfam	PF00168; PF00168; PF00168; PF00168; PF00168	C2 domain; C2 domain; C2 domain; C2 domain; C2 domain	IPR000008; IPR000008; IPR000008; IPR000008; IPR000008	C2 domain; C2 domain; C2 domain; C2 domain; C2 domain
Cre11.g467603.t1.1	Cre11.g467603.t1.1; Cre17.g745847.t1.1	139; 132	Pfam	; 	; 	; 	; 
Cre11.g467606.t1.1	Cre11.g467606.t1.1; Cre09.g386745.t1.1	59; 90	Pfam	; 	; 	; 	; 
Cre11.g467621.t1.1	Cre11.g467621.t1.1; Cre02.g142947.t1.1	670; 625	Pfam	; 	; 	; 	; 
Cre11.g467626.t1.1	Cre11.g467626.t1.1; Cre11.g467634.t1.1	1693; 1660	Pfam	PF00069; PF00069	Protein kinase domain; Protein kinase domain	IPR000719; IPR000719	Protein kinase domain; Protein kinase domain
Cre11.g467642.t1.1	Cre11.g467642.t1.1; Cre11.g467638.t1.1	344; 348	Pfam	; 	; 	; 	; 
Cre11.g467664.t1.1	Cre11.g467664.t1.1; Cre13.g585000.t1.2; Cre06.g292750.t1.2	458; 431; 426	Pfam	; ; PF05694	; ; 56kDa selenium binding protein (SBP56)	; ; IPR008826	; ; Selenium-binding protein
Cre11.g467666.t1.1	Cre11.g467666.t1.1; Cre11.g467670.t2.1	480; 475	Pfam	PF05686; PF05686	Glycosyl transferase family 90; Glycosyl transferase family 90	IPR006598; IPR006598	Lipopolysaccharide-modifying protein; Lipopolysaccharide-modifying protein
Cre11.g467673.t1.1	Cre11.g467673.t1.1; Cre13.g564766.t1.2; Cre13.g567400.t1.1	1437; 1379; 1444	Pfam	PF00233; PF00233; PF00233, PF03924	3'5'-cyclic nucleotide phosphodiesterase; 3'5'-cyclic nucleotide phosphodiesterase; 3'5'-cyclic nucleotide phosphodiesterase, CHASE domain	IPR002073; IPR002073; IPR002073, IPR006189	3'5'-cyclic nucleotide phosphodiesterase, catalytic domain; 3'5'-cyclic nucleotide phosphodiesterase, catalytic domain; 3'5'-cyclic nucleotide phosphodiesterase, catalytic domain, CHASE domain
Cre11.g467692.t1.1	Cre11.g467692.t1.1; Cre11.g467693.t1.1	578; 571	Pfam	PF07466; PF07466	Protein of unknown function (DUF1517); Protein of unknown function (DUF1517)	IPR010903; IPR010903	Protein of unknown function DUF1517; Protein of unknown function DUF1517
Cre11.g467695.t1.1	Cre11.g467695.t1.1; Cre09.g397100.t1.2; Cre12.g493200.t1.1; Cre12.g492500.t1.1	416; 401; 369; 409	Pfam	; ; ; 	; ; ; 	; ; ; 	; ; ; 
Cre11.g467705.t1.1	Cre11.g467705.t1.1; Cre09.g402500.t1.2	908; 863	Pfam	PF01496; PF01496	V-type ATPase 116kDa subunit family; V-type ATPase 116kDa subunit family	IPR002490; IPR002490	V-type  ATPase, V0 complex, 116kDa subunit family; V-type  ATPase, V0 complex, 116kDa subunit family
Cre11.g467713.t1.1	Cre11.g467713.t1.1; Cre16.g690207.t1.1; Cre35.g759347.t1.1; Cre12.g525900.t1.2	151; 127; 97; 106	Pfam	; ; ; 	; ; ; 	; ; ; 	; ; ; 
Cre11.g467714.t1.1	Cre11.g467714.t1.1; Cre16.g667353.t1.1	467; 408	Pfam	; 	; 	; 	; 
Cre11.g467715.t1.1	Cre12.g507556.t1.1; Cre11.g467715.t1.1	645; 645	Pfam	; 	; 	; 	; 
Cre11.g467716.t1.1	Cre11.g467716.t1.1; Cre12.g507557.t1.1	471; 421	Pfam	; 	; 	; 	; 
Cre11.g467717.t1.1	Cre12.g507558.t1.1; Cre11.g467717.t1.1	331; 331	Pfam	PF00795; PF00795	Carbon-nitrogen hydrolase; Carbon-nitrogen hydrolase	IPR003010; IPR003010	Carbon-nitrogen hydrolase; Carbon-nitrogen hydrolase
Cre11.g467718.t1.1	Cre12.g507559.t1.1; Cre11.g467718.t1.1	319; 319	Pfam	PF07743; PF07743	HSCB C-terminal oligomerisation domain; HSCB C-terminal oligomerisation domain	IPR009073; IPR009073	Co-chaperone HscB, C-terminal oligomerisation domain; Co-chaperone HscB, C-terminal oligomerisation domain
Cre11.g467729.t1.1	Cre11.g467729.t1.1; Cre11.g467732.t1.1	248; 200	Pfam	; 	; 	; 	; 
Cre11.g467735.t1.1	Cre11.g467735.t1.1; Cre11.g467736.t1.1	236; 275	Pfam	PF17784; PF17784	Sulfotransferase domain; Sulfotransferase domain	; 	; 
Cre11.g467750.t1.1	Cre11.g467750.t1.1; Cre02.g119400.t1.1	530; 489	Pfam	; 	; 	; 	; 
Cre11.g467754.t1.1	Cre11.g467754.t1.1; Cre18.g748997.t1.1	287; 320	Pfam	PF03151; 	Triose-phosphate Transporter family; 	IPR004853; 	Sugar phosphate transporter domain; 
Cre11.g467764.t1.1	Cre10.g426102.t1.1; Cre17.g712150.t1.2; Cre01.g047050.t1.2; Cre04.g229518.t1.2; Cre11.g467764.t1.1	130; 130; 130; 112; 112	Pfam	; ; ; ; 	; ; ; ; 	; ; ; ; 	; ; ; ; 
Cre11.g467775.t1.1	Cre11.g467775.t1.1; Cre11.g467776.t1.1	376; 379	Pfam	; 	; 	; 	; 
Cre11.g467782.t1.1	Cre11.g467782.t1.1; Cre02.g095142.t1.1	1631; 1686	Pfam	PF01753; PF01753	MYND finger; MYND finger	IPR002893; IPR002893	Zinc finger, MYND-type; Zinc finger, MYND-type
Cre11.g468100.t1.2	Cre11.g468100.t1.2; Cre06.g289400.t1.2; Cre16.g664150.t1.1; Cre02.g119850.t1.1	1539; 1529; 1542; 1525	Pfam	PF00233; PF00233, PF03924; PF00233, PF03924; PF00233	3'5'-cyclic nucleotide phosphodiesterase; 3'5'-cyclic nucleotide phosphodiesterase, CHASE domain; 3'5'-cyclic nucleotide phosphodiesterase, CHASE domain; 3'5'-cyclic nucleotide phosphodiesterase	IPR002073; IPR002073, IPR006189; IPR002073, IPR006189; IPR002073	3'5'-cyclic nucleotide phosphodiesterase, catalytic domain; 3'5'-cyclic nucleotide phosphodiesterase, catalytic domain, CHASE domain; 3'5'-cyclic nucleotide phosphodiesterase, catalytic domain, CHASE domain; 3'5'-cyclic nucleotide phosphodiesterase, catalytic domain
Cre11.g468374.t1.1	Cre11.g468374.t1.1; Cre11.g468650.t1.2	683; 683	Pfam	; 	; 	; 	; 
Cre11.g469375.t1.1	Cre11.g469375.t1.1; Cre10.g428720.t1.1; Cre17.g746297.t1.1; Cre03.g172750.t1.1	1253; 1282; 1194; 1260	Pfam	; PF01753; PF01753; PF01753	; MYND finger; MYND finger; MYND finger	; IPR002893; IPR002893; IPR002893	; Zinc finger, MYND-type; Zinc finger, MYND-type; Zinc finger, MYND-type
Cre11.g469650.t1.1	Cre11.g469650.t1.1; Cre03.g155150.t1.1; Cre11.g469750.t1.1; Cre11.g469800.t1.2	672; 662; 670; 629	Pfam	PF07173; PF07173; PF07173; PF07173	Glycine-rich domain-containing protein-like; Glycine-rich domain-containing protein-like; Glycine-rich domain-containing protein-like; Glycine-rich domain-containing protein-like	IPR009836; IPR009836; IPR009836; IPR009836	Glycine-rich domain-containing protein-like; Glycine-rich domain-containing protein-like; Glycine-rich domain-containing protein-like; Glycine-rich domain-containing protein-like
Cre11.g472226.t1.1	Cre11.g472226.t1.1; Cre01.g017701.t1.1	2111; 2043	Pfam	PF00078; PF00078	Reverse transcriptase (RNA-dependent DNA polymerase); Reverse transcriptase (RNA-dependent DNA polymerase)	IPR000477; IPR000477	Reverse transcriptase domain; Reverse transcriptase domain
Cre11.g475550.t1.2	Cre11.g475550.t1.2; Cre02.g095090.t1.1	304; 318	Pfam	PF13649; PF13649	Methyltransferase domain; Methyltransferase domain	; 	; 
Cre11.g476325.t1.1	Cre11.g476325.t1.1; Cre16.g673852.t1.1	916; 975	Pfam	PF00311; PF00311	Phosphoenolpyruvate carboxylase; Phosphoenolpyruvate carboxylase	IPR021135; IPR021135	Phosphoenolpyruvate carboxylase; Phosphoenolpyruvate carboxylase
Cre11.g476351.t1.1	Cre16.g673850.t1.1; Cre11.g476351.t1.1	368; 368	Pfam	; 	; 	; 	; 
Cre11.g476700.t1.2	Cre11.g476700.t1.2; Cre13.g578350.t1.2	630; 633	Pfam	PF14008, PF00149; PF00149, PF16656	Iron/zinc purple acid phosphatase-like protein C, Calcineurin-like phosphoesterase; Calcineurin-like phosphoesterase, Purple acid Phosphatase, N-terminal domain	IPR025733, IPR004843; IPR004843, IPR015914	Iron/zinc purple acid phosphatase-like C-terminal domain, Calcineurin-like phosphoesterase domain, ApaH type; Calcineurin-like phosphoesterase domain, ApaH type, Purple acid phosphatase, N-terminal
Cre11.g477050.t1.1	Cre11.g477050.t1.1; Cre16.g675200.t1.1; Cre01.g041256.t1.2	894; 882; 869	Pfam	; ; 	; ; 	; ; 	; ; 
Cre11.g479150.t1.2	Cre11.g479150.t1.2; Cre02.g142426.t1.1	772; 751	Pfam	PF03732; PF03732	Retrotransposon gag protein; Retrotransposon gag protein	IPR005162; IPR005162	Retrotransposon gag domain; Retrotransposon gag domain
Cre11.g480100.t1.1	Cre11.g480100.t1.1; Cre12.g486450.t1.2; Cre12.g540150.t1.1	272; 283; 219	Pfam	; ; 	; ; 	; ; 	; ; 
Cre11.g480132.t1.1	Cre11.g480132.t1.1; Cre16.g662052.t1.1; Cre09.g393025.t1.1; Cre10.g456420.t1.1; Cre15.g634925.t2.1	168; 157; 228; 163; 218	Pfam	; ; ; ; 	; ; ; ; 	; ; ; ; 	; ; ; ; 
Cre11.g480700.t1.1	Cre11.g480700.t1.1; Cre01.g015300.t1.1	853; 797	Pfam	; 	; 	; 	; 
Cre11.g481000.t1.2	Cre11.g481000.t1.2; Cre06.g292700.t1.2	366; 373	Pfam	PF00069; PF00069	Protein kinase domain; Protein kinase domain	IPR000719; IPR000719	Protein kinase domain; Protein kinase domain
Cre11.g481200.t1.2	Cre11.g481200.t1.2; Cre10.g459900.t1.1	399; 376	Pfam	PF13640; PF13640	2OG-Fe(II) oxygenase superfamily; 2OG-Fe(II) oxygenase superfamily	IPR005123; IPR005123	Oxoglutarate/iron-dependent dioxygenase; Oxoglutarate/iron-dependent dioxygenase
Cre11.g481600.t1.1	Cre11.g481600.t1.1; Cre11.g481750.t1.2	434; 473	Pfam	PF12499; PF12499	Pherophorin; Pherophorin	IPR024616; IPR024616	Pherophorin; Pherophorin
Cre11.g482800.t1.1	Cre11.g482800.t1.1; Cre12.g545950.t1.1	1059; 1031	Pfam	PF00069; PF00069	Protein kinase domain; Protein kinase domain	IPR000719; IPR000719	Protein kinase domain; Protein kinase domain
Cre11.g482900.t1.1	Cre11.g482900.t1.1; Cre06.g278139.t1.1	203; 211	Pfam	PF00071; PF00071	Ras family; Ras family	IPR001806; IPR001806	Small GTPase; Small GTPase
Cre11.g483450.t1.1	Cre11.g483450.t1.1; Cre09.g413114.t1.2	159; 106	Pfam	; 	; 	; 	; 
Cre14.g615100.t1.2	Cre14.g615100.t1.2; Cre14.g615000.t1.1	141; 171	Pfam	PF01641; PF01641	SelR domain; SelR domain	IPR002579; IPR002579	Peptide methionine sulphoxide reductase MrsB; Peptide methionine sulphoxide reductase MrsB
Cre14.g627455.t1.1	Cre14.g626433.t1.1; Cre14.g627455.t1.1	464; 464	Pfam	; 	; 	; 	; 
Cre23.g754647.t1.1	Cre23.g754647.t1.1; Cre21.g752747.t1.1	92; 74	Pfam	; 	; 	; 	; 
Cre38.g759997.t1.1	Cre38.g759997.t1.1; Cre18.g748247.t1.1	156; 122	Pfam	; 	; 	; 	; 
